temperature,pressure,anomaly,timestamp
25.993428306022462,1011.7938197107184,0.0,2023-01-01 00:00:00
24.72347139765763,1014.7602769825714,0.0,2023-01-01 01:00:00
26.295377076201383,1006.7423028790478,0.0,2023-01-01 02:00:00
28.04605971281605,1020.2188230203662,0.0,2023-01-01 03:00:00
24.531693250553328,1012.5892441080372,0.0,2023-01-01 04:00:00
24.53172608610164,1018.5864791579406,0.0,2023-01-01 05:00:00
28.158425631014783,1014.7136267318886,0.0,2023-01-01 06:00:00
26.534869458305817,1015.2837660957688,0.0,2023-01-01 07:00:00
24.061051228130097,1015.8488364011612,0.0,2023-01-01 08:00:00
26.08512008717193,1015.2385428000864,0.0,2023-01-01 09:00:00
24.07316461437508,1016.2136137993376,0.0,2023-01-01 10:00:00
24.068540492859487,1019.6457626506622,0.0,2023-01-01 11:00:00
25.48392454313207,1013.9826058485072,0.0,2023-01-01 12:00:00
21.173439510684403,1016.5450187879426,0.0,2023-01-01 13:00:00
21.55016433497393,1012.551321528564,0.0,2023-01-01 14:00:00
23.87542494151805,1020.2005860772474,0.0,2023-01-01 15:00:00
22.97433775933116,1009.6180384897036,0.0,2023-01-01 16:00:00
25.628494665190548,1022.004702164554,0.0,2023-01-01 17:00:00
23.183951848957577,1012.7992102467784,0.0,2023-01-01 18:00:00
22.175392597329417,1005.8461244894096,0.0,2023-01-01 19:00:00
27.931297537843108,1013.640522074554,0.0,2023-01-01 20:00:00
24.54844739902693,1009.5947417126256,0.0,2023-01-01 21:00:00
25.13505640937585,1017.2032177449436,0.0,2023-01-01 22:00:00
22.150503627573087,1009.736880103488,0.0,2023-01-01 23:00:00
23.91123455094964,1010.769082833926,0.0,2023-01-02 00:00:00
25.22184517941973,1003.5522963452725,0.0,2023-01-02 01:00:00
22.6980128451554,1010.7384684037546,0.0,2023-01-02 02:00:00
25.751396036691343,1000.8806033668552,0.0,2023-01-02 03:00:00
23.79872262016239,1005.0804858825712,0.0,2023-01-02 04:00:00
24.416612500413446,1016.8020732807216,0.0,2023-01-02 05:00:00
23.796586775541208,1016.9290007932542,0.0,2023-01-02 06:00:00
28.70455636901788,1015.1272878089248,0.0,2023-01-02 07:00:00
24.97300555052413,1008.165119284354,0.0,2023-01-02 08:00:00
22.8845781420882,1012.76144321929,0.0,2023-01-02 09:00:00
26.645089824206377,1012.9819873045471,0.0,2023-01-02 10:00:00
22.55831270005796,1007.2081765540372,0.0,2023-01-02 11:00:00
25.41772719000951,1020.5169915088358,0.0,2023-01-02 12:00:00
21.08065975224045,1017.3868114528784,0.0,2023-01-02 13:00:00
22.34362790220314,1011.8951791308516,0.0,2023-01-02 14:00:00
25.393722471738247,1013.1344291949728,0.0,2023-01-02 15:00:00
26.47693315999082,1014.0419140397378,0.0,2023-01-02 16:00:00
25.34273656237994,1002.7913256578786,0.0,2023-01-02 17:00:00
24.76870343522352,1011.764113087397,0.0,2023-01-02 18:00:00
24.397792608821423,1009.590078760011,0.0,2023-01-02 19:00:00
22.042956019265144,1007.9918999505254,0.0,2023-01-02 20:00:00
23.560311583210584,1011.5944985355702,0.0,2023-01-02 21:00:00
24.078722458080424,1021.9884326342476,0.0,2023-01-02 22:00:00
27.11424445243783,1016.2042143063352,0.0,2023-01-02 23:00:00
25.68723657913692,1010.144105051086,0.0,2023-01-03 00:00:00
21.47391968927453,1015.8629139067808,0.0,2023-01-03 01:00:00
25.64816793878959,1019.99677718293,0.0,2023-01-03 02:00:00
24.229835439167367,1017.6231684145638,0.0,2023-01-03 03:00:00
23.64615599938808,1013.2981518496008,0.0,2023-01-03 04:00:00
26.223352577681737,1009.765316111472,0.0,2023-01-03 05:00:00
27.0619990449919,1016.491116568068,0.0,2023-01-03 06:00:00
26.8625602382324,1014.9674269271088,0.0,2023-01-03 07:00:00
23.321564953554724,1017.4759661001386,0.0,2023-01-03 08:00:00
24.381575248297573,1016.1758590084098,0.0,2023-01-03 09:00:00
25.662526862807127,1018.2477635765966,0.0,2023-01-03 10:00:00
26.95109025424472,1010.3238239421972,0.0,2023-01-03 11:00:00
24.04165152430942,1019.5869703281716,0.0,2023-01-03 12:00:00
24.628682046672367,1013.987998023462,0.0,2023-01-03 13:00:00
22.787330051987944,1023.3763043631265,0.0,2023-01-03 14:00:00
22.60758675183866,1009.5540609095522,0.0,2023-01-03 15:00:00
26.6250516447884,1021.6798190158264,0.0,2023-01-03 16:00:00
27.712480057141647,1013.9895539173132,0.0,2023-01-03 17:00:00
24.85597975683933,1009.7429099819276,0.0,2023-01-03 18:00:00
27.007065795784047,1010.5805708297283,0.0,2023-01-03 19:00:00
25.723272050095268,1011.3982634590284,0.0,2023-01-03 20:00:00
23.70976049078975,1015.1208297320096,0.0,2023-01-03 21:00:00
25.722791211016823,1015.6141774401776,0.0,2023-01-03 22:00:00
28.07607313293194,1010.1314999803072,0.0,2023-01-03 23:00:00
24.92834792178009,1012.8782270386952,0.0,2023-01-04 00:00:00
28.12928731162801,1023.7113517930592,0.0,2023-01-04 01:00:00
19.76050979182051,1021.6377158505036,0.0,2023-01-04 02:00:00
26.643805008750448,1015.1816183483702,0.0,2023-01-04 03:00:00
25.17409413647634,1013.190017390841,0.0,2023-01-04 04:00:00
24.401985299068265,1013.6001566335912,0.0,2023-01-04 05:00:00
25.183521553071003,1016.067589863652,0.0,2023-01-04 06:00:00
21.02486217079821,1007.886037174008,0.0,2023-01-04 07:00:00
24.560656224324976,1011.7131173128832,0.0,2023-01-04 08:00:00
25.71422514302349,1004.657079630612,0.0,2023-01-04 09:00:00
27.95578808948304,1014.9961156130264,0.0,2023-01-04 10:00:00
23.963459563452705,1016.2359796985136,0.0,2023-01-04 11:00:00
23.383012794213624,1010.5840676885032,0.0,2023-01-04 12:00:00
23.996485912830927,1020.8699338164502,0.0,2023-01-04 13:00:00
26.83080423540415,1006.8711716849884,0.0,2023-01-04 14:00:00
25.65750221931937,1005.6781255989508,0.0,2023-01-04 15:00:00
23.940479592465923,1014.1222590927998,0.0,2023-01-04 16:00:00
26.02653486622671,1018.2354915130608,0.0,2023-01-04 17:00:00
25.19415509869608,1021.4196384572894,0.0,2023-01-04 18:00:00
26.937289981065778,1010.7055786856552,0.0,2023-01-04 19:00:00
23.595893812245293,1018.3934041671564,0.0,2023-01-04 20:00:00
24.344675706804463,1012.8074576524964,0.0,2023-01-04 21:00:00
24.215783693735684,1012.136863500296,0.0,2023-01-04 22:00:00
22.072970103735763,1017.4182996874332,0.0,2023-01-04 23:00:00
25.59224055412915,1016.2616143920671,0.0,2023-01-05 00:00:00
25.52211054435978,1005.1180392150789,0.0,2023-01-05 01:00:00
25.01022691328492,1020.3827017486296,0.0,2023-01-05 02:00:00
24.530825733249703,1019.9004567707372,0.0,2023-01-05 03:00:00
22.169258515899173,1009.8721864924524,0.0,2023-01-05 04:00:00
24.15870935446928,1014.979017667187,0.0,2023-01-05 05:00:00
24.314570966946462,1015.4701509314136,0.0,2023-01-05 06:00:00
23.39544546155676,1014.3033688291196,0.0,2023-01-05 07:00:00
24.67742857666798,1010.2484742307728,0.0,2023-01-05 08:00:00
25.80810171362908,1009.6418831603096,0.0,2023-01-05 09:00:00
28.77237180242106,1012.8722296450428,0.0,2023-01-05 10:00:00
25.34915562566368,1018.8636450962968,0.0,2023-01-05 11:00:00
25.51510078144553,1015.718000772972,0.0,2023-01-05 12:00:00
24.851108168467665,1011.1469283395696,0.0,2023-01-05 13:00:00
21.16245756940192,1016.8584935532416,0.0,2023-01-05 14:00:00
24.946972249101567,998.7572868968496,0.0,2023-01-05 15:00:00
25.12046041988205,1018.7438285018604,0.0,2023-01-05 16:00:00
29.92648422497057,1004.3014311061096,0.0,2023-01-05 17:00:00
24.61527807043776,1011.1877952929844,0.0,2023-01-05 18:00:00
25.603094684667223,1007.4016505268692,0.0,2023-01-05 19:00:00
24.93057646058952,1006.5265926213956,0.0,2023-01-05 20:00:00
22.66264392476093,1018.8041339368926,0.0,2023-01-05 21:00:00
27.285645629030043,1010.6614939934406,0.0,2023-01-05 22:00:00
26.503866065373547,1014.7325194086536,0.0,2023-01-05 23:00:00
26.58206389408609,1012.765397105604,0.0,2023-01-06 00:00:00
23.18122509041052,1015.3852041361156,0.0,2023-01-06 01:00:00
27.8055886218722,1013.3841094553012,0.0,2023-01-06 02:00:00
22.19629787441544,1006.5850388790572,0.0,2023-01-06 03:00:00
26.17371418760054,1017.9813340972356,0.0,2023-01-06 04:00:00
29.38091125161996,1010.5312170841936,0.0,2023-01-06 05:00:00
23.01892734973862,1005.2170905067012,0.0,2023-01-06 06:00:00
23.867404540794457,1010.8594241951704,0.0,2023-01-06 07:00:00
25.199302730175283,1020.5037989531716,0.0,2023-01-06 08:00:00
23.9930486917676,1017.2511087105676,0.0,2023-01-06 09:00:00
21.898673137867736,1011.2567393279608,0.0,2023-01-06 10:00:00
25.137125949612056,1011.2537114784078,0.0,2023-01-06 11:00:00
22.87539257254779,1011.391824743913,0.0,2023-01-06 12:00:00
25.94718486127036,1023.3837399178042,0.0,2023-01-06 13:00:00
23.1611515315324,1014.9096772611578,0.0,2023-01-06 14:00:00
28.09986881003508,1015.1502082359552,0.0,2023-01-06 15:00:00
23.43349341532753,1018.1514172701592,0.0,2023-01-06 16:00:00
24.35587696758865,1014.1939457951324,0.0,2023-01-06 17:00:00
26.62703443473934,1011.7047892708964,0.0,2023-01-06 18:00:00
22.53827136713209,1012.0182507545752,0.0,2023-01-06 19:00:00
25.454919869208258,1012.6419937029297,0.0,2023-01-06 20:00:00
27.61428550856485,1012.8138888174508,0.0,2023-01-06 21:00:00
21.785033530877545,1016.6381477181848,0.0,2023-01-06 22:00:00
25.36926771706461,1013.2597294290364,0.0,2023-01-06 23:00:00
25.51976558849685,1016.6632003860778,0.0,2023-01-07 00:00:00
26.56364574355462,1012.5964170994572,0.0,2023-01-07 01:00:00
22.52609857824384,1013.3931759515804,0.0,2023-01-07 02:00:00
22.359086773831446,1003.0089965773394,0.0,2023-01-07 03:00:00
26.043883131233795,1017.5816383735124,0.0,2023-01-07 04:00:00
25.593969346466373,1014.73244237949,0.0,2023-01-07 05:00:00
25.50098570069176,1017.9900505492984,0.0,2023-01-07 06:00:00
25.69289641899395,998.5187231090316,0.0,2023-01-07 07:00:00
23.63995055684302,1023.4418735239036,0.0,2023-01-07 08:00:00
25.464507394322005,1012.302051859224,0.0,2023-01-07 09:00:00
25.58614494659736,1018.5409140836877,0.0,2023-01-07 10:00:00
23.571297163947264,1007.8004703643724,0.0,2023-01-07 11:00:00
28.73154902228952,1016.0638695253128,0.0,2023-01-07 12:00:00
25.94766584182357,1007.7329221841316,0.0,2023-01-07 13:00:00
22.617393005594703,1009.8811551965208,0.0,2023-01-07 14:00:00
26.31310721726766,1022.570156769334,0.0,2023-01-07 15:00:00
23.05063665954536,1012.0465879961832,0.0,2023-01-07 16:00:00
26.574169207484903,1014.0871643658986,0.0,2023-01-07 17:00:00
27.317191158014808,1017.3503386534436,0.0,2023-01-07 18:00:00
23.35863536329657,1015.4784094398632,0.0,2023-01-07 19:00:00
26.926752258488644,1013.752094525718,0.0,2023-01-07 20:00:00
25.825561853873,1014.8248050123312,0.0,2023-01-07 21:00:00
26.64412031998898,1025.0170779261914,0.0,2023-01-07 22:00:00
28.79358596530789,1012.711906014832,0.0,2023-01-07 23:00:00
24.50922376799426,1014.0054952335748,0.0,2023-01-08 00:00:00
23.49252767128502,1018.253271980038,0.0,2023-01-08 01:00:00
23.220971140748954,1018.52762966479,0.0,2023-01-08 02:00:00
23.368379430069123,1018.9351515278018,0.0,2023-01-08 03:00:00
24.8457965811718,1016.193651110146,0.0,2023-01-08 04:00:00
25.682303949633287,1007.2849754363476,0.0,2023-01-08 05:00:00
25.55338159866004,1021.1671576615056,0.0,2023-01-08 06:00:00
26.654366498072047,1007.2682730349064,0.0,2023-01-08 07:00:00
25.02600378375581,1014.5131773261952,0.0,2023-01-08 08:00:00
27.90706815431464,1009.2286207499031,0.0,2023-01-08 09:00:00
24.47068633352409,1012.679308267035,0.0,2023-01-08 10:00:00
30.44033833317924,1014.6438120515174,0.0,2023-01-08 11:00:00
26.25133469553001,1014.6067860772514,0.0,2023-01-08 12:00:00
23.285684887167434,1015.1096037711764,0.0,2023-01-08 13:00:00
22.85821500387777,1021.0685563452932,0.0,2023-01-08 14:00:00
25.96494483048637,1015.2676715075698,0.0,2023-01-08 15:00:00
24.5530744293483,1011.7792168235468,0.0,2023-01-08 16:00:00
26.428000988184184,1017.8204358414416,0.0,2023-01-08 17:00:00
25.94647524914709,1018.9473524446232,0.0,2023-01-08 18:00:00
24.854342174686256,1006.861960924315,0.0,2023-01-08 19:00:00
23.30641256386319,1015.9870003492492,0.0,2023-01-08 20:00:00
21.97030555062827,1016.5058637115544,0.0,2023-01-08 21:00:00
24.10697009586596,1011.5121824832,0.0,2023-01-08 22:00:00
26.712797588646943,1019.878534066558,0.0,2023-01-08 23:00:00
25.42818748826041,1012.2497220648372,0.0,2023-01-09 00:00:00
22.508522442576023,1013.6278822673576,0.0,2023-01-09 01:00:00
25.346361851702365,1012.1346408785806,0.0,2023-01-09 02:00:00
25.770634759457675,1013.0778952379072,0.0,2023-01-09 03:00:00
23.23228512759773,1007.518624565524,0.0,2023-01-09 04:00:00
25.30745021189105,1005.7997455870284,0.0,2023-01-09 05:00:00
25.116417436892,1020.9725253161248,0.0,2023-01-09 06:00:00
22.714059404338755,1008.7651932584084,0.0,2023-01-09 07:00:00
25.71557472069657,1008.0430382527184,0.0,2023-01-09 08:00:00
26.12156905273647,1002.2330494319814,0.0,2023-01-09 09:00:00
27.16610248635056,1009.8051912615524,0.0,2023-01-09 10:00:00
27.107604104069807,1006.3845510329623,0.0,2023-01-09 11:00:00
22.244661264085817,1021.2100758006818,0.0,2023-01-09 12:00:00
23.12434992016976,1018.0490854467132,0.0,2023-01-09 13:00:00
26.03007053441732,1009.5592482741114,0.0,2023-01-09 14:00:00
26.027571901824416,1024.2621790267217,0.0,2023-01-09 15:00:00
26.03009537261209,1017.908827434958,0.0,2023-01-09 16:00:00
32.705462981309445,1011.3758430824568,0.0,2023-01-09 17:00:00
26.141781021386333,1000.5029714256322,0.0,2023-01-09 18:00:00
27.2711312803612,1024.4547128629538,0.0,2023-01-09 19:00:00
26.90800352698641,1006.052137666182,0.0,2023-01-09 20:00:00
26.3027825026116,1004.7730062652156,0.0,2023-01-09 21:00:00
24.369461510719308,1018.1128521600482,0.0,2023-01-09 22:00:00
26.517938440986534,1025.1987620316963,0.0,2023-01-09 23:00:00
23.45434957092485,1019.9213640925526,0.0,2023-01-10 00:00:00
24.526362786519982,1015.8195456002618,0.0,2023-01-10 01:00:00
24.02927290434179,1015.9737717083264,0.0,2023-01-10 02:00:00
25.163748278772644,1017.2670777939016,0.0,2023-01-10 03:00:00
29.629317133347016,1016.794642948934,0.0,2023-01-10 04:00:00
21.265469614816503,1014.4059571198468,0.0,2023-01-10 05:00:00
26.372520380749027,1013.5210055197592,0.0,2023-01-10 06:00:00
21.774568257620697,1012.6870343605024,0.0,2023-01-10 07:00:00
24.05613626842113,1009.2301770556668,0.0,2023-01-10 08:00:00
27.177901193934733,1011.596624615666,0.0,2023-01-10 09:00:00
25.12856003819093,1004.535215929023,0.0,2023-01-10 10:00:00
22.844510444141388,1012.5083018660264,0.0,2023-01-10 11:00:00
23.569392581480063,1008.0570444642456,0.0,2023-01-10 12:00:00
26.35919549786935,1007.4820534139212,0.0,2023-01-10 13:00:00
23.539266736565725,1013.8994707557674,0.0,2023-01-10 14:00:00
25.43291717916395,1019.960011431723,0.0,2023-01-10 15:00:00
25.091143679807622,1017.5915830300116,0.0,2023-01-10 16:00:00
23.696799304788367,1005.1474969818842,0.0,2023-01-10 17:00:00
29.28788817865065,1008.0518593171485,0.0,2023-01-10 18:00:00
26.267838044636022,1017.703855939941,0.0,2023-01-10 19:00:00
20.949714826684787,1008.0875630323084,0.0,2023-01-10 20:00:00
25.372908629538856,1011.8768342500148,0.0,2023-01-10 21:00:00
23.676427070463223,1015.7502604951228,0.0,2023-01-10 22:00:00
26.704866669592448,1008.1582777256818,0.0,2023-01-10 23:00:00
23.4149585231346,1013.5268775307298,0.0,2023-01-11 00:00:00
24.7705271170662,1006.329872525409,0.0,2023-01-11 01:00:00
26.00997455796092,1009.993161780244,0.0,2023-01-11 02:00:00
26.731510388340244,1014.5989096707128,0.0,2023-01-11 03:00:00
22.59940718588845,1005.0350313323416,0.0,2023-01-11 04:00:00
24.330997528318104,1015.202373689802,0.0,2023-01-11 05:00:00
24.050109377678087,1012.9018110053664,0.0,2023-01-11 06:00:00
23.69334153485257,1015.7624497720856,0.0,2023-01-11 07:00:00
28.5309084805622,1014.1195706703234,0.0,2023-01-11 08:00:00
25.80996342192191,1019.8207021498692,0.0,2023-01-11 09:00:00
22.47823209132991,1013.6261225132396,0.0,2023-01-11 10:00:00
26.835723894109552,1010.8529722943738,0.0,2023-01-11 11:00:00
29.244312394025265,1013.6114875151616,0.0,2023-01-11 12:00:00
27.06493052110229,1015.716490145182,0.0,2023-01-11 13:00:00
21.96126006809197,1013.2443003516286,0.0,2023-01-11 14:00:00
24.0315318542675,1013.2029584560194,0.0,2023-01-11 15:00:00
27.533822298373245,1009.4900415609662,0.0,2023-01-11 16:00:00
23.58466106876244,1009.6854954122452,0.0,2023-01-11 17:00:00
25.88763885629245,1005.9869736410016,0.0,2023-01-11 18:00:00
26.54926810685868,1021.7478837159348,0.0,2023-01-11 19:00:00
23.14613905684384,1006.7806838230435,0.0,2023-01-11 20:00:00
24.8809492878764,1009.5354740110204,0.0,2023-01-11 21:00:00
18.517465319861856,1009.407963672154,0.0,2023-01-11 22:00:00
22.95122471733142,1017.4746218847222,0.0,2023-01-11 23:00:00
24.49486369721368,1011.52525160854,0.0,2023-01-12 00:00:00
22.504433636070303,1019.2387103633688,0.0,2023-01-12 01:00:00
28.26482260786327,1009.6325468787808,0.0,2023-01-12 02:00:00
22.13971724407873,1014.394970811119,0.0,2023-01-12 03:00:00
24.11991102660604,1008.8232647337012,0.0,2023-01-12 04:00:00
25.261481154572184,1023.7257456388668,0.0,2023-01-12 05:00:00
27.88254657813223,1007.0620079048524,0.0,2023-01-12 06:00:00
22.12827569764112,1014.5491035511352,0.0,2023-01-12 07:00:00
27.32632750430992,1016.1688844046604,0.0,2023-01-12 08:00:00
25.02046612203917,1015.0689954872574,0.0,2023-01-12 09:00:00
23.036982697904097,1012.0735617056116,0.0,2023-01-12 10:00:00
25.924206948526543,1012.3508965013328,0.0,2023-01-12 11:00:00
25.398119391146945,1013.2190573598956,0.0,2023-01-12 12:00:00
23.79956624568241,1012.2649899918576,0.0,2023-01-12 13:00:00
25.13960416998004,1017.8193955839746,0.0,2023-01-12 14:00:00
24.22937280627648,1024.0526150079568,0.0,2023-01-12 15:00:00
25.227034690502496,1010.2125410749608,0.0,2023-01-12 16:00:00
26.324261349042093,1006.1509851021046,0.0,2023-01-12 17:00:00
28.172033632290702,1012.5585897582436,0.0,2023-01-12 18:00:00
22.5243690023463,1025.8985466882716,0.0,2023-01-12 19:00:00
29.26606674931253,1008.9816271601512,0.0,2023-01-12 20:00:00
21.095824400955,1021.1955840272204,0.0,2023-01-12 21:00:00
24.69642980992884,1021.3885040703822,0.0,2023-01-12 22:00:00
26.17663441296916,1010.23205879146,0.0,2023-01-12 23:00:00
25.561983735470065,1015.8449153959264,0.0,2023-01-13 00:00:00
23.75460096035881,1021.1419831156428,0.0,2023-01-13 01:00:00
24.58375549928545,1011.1043612950624,0.0,2023-01-13 02:00:00
24.01399813068233,1011.9820981994882,0.0,2023-01-13 03:00:00
23.821270486111576,1010.0915954302568,0.0,2023-01-13 04:00:00
26.69920419404205,1007.9262163465356,0.0,2023-01-13 05:00:00
25.714030971930093,1009.75361227467,0.0,2023-01-13 06:00:00
23.614180809478693,1006.8802986661888,0.0,2023-01-13 07:00:00
26.799199750866503,1013.170417341296,0.0,2023-01-13 08:00:00
25.61459904175322,1009.1501338447068,0.0,2023-01-13 09:00:00
26.62572423767792,1014.1689295589538,0.0,2023-01-13 10:00:00
26.259257683847224,1005.2205217689818,0.0,2023-01-13 11:00:00
23.34200997815585,1014.6544011610724,0.0,2023-01-13 12:00:00
23.87963791960606,1017.1676448080448,0.0,2023-01-13 13:00:00
26.494587210246525,1003.0313217871428,0.0,2023-01-13 14:00:00
26.22074053086693,1014.8702828492378,0.0,2023-01-13 15:00:00
24.958196812071705,1019.1383449623664,0.0,2023-01-13 16:00:00
25.234654766617563,1006.951794906544,0.0,2023-01-13 17:00:00
27.55532979157685,1021.3628619341886,0.0,2023-01-13 18:00:00
23.81685722232834,1015.0950950468302,0.0,2023-01-13 19:00:00
26.09419476234008,1009.474940721208,0.0,2023-01-13 20:00:00
24.595614695132213,1012.7211546117114,0.0,2023-01-13 21:00:00
24.56463759354556,1015.7916345626086,0.0,2023-01-13 22:00:00
27.19755370397438,1013.380026957062,0.0,2023-01-13 23:00:00
26.65083269797606,1015.6937799622318,0.0,2023-01-14 00:00:00
26.62701927200128,1008.3966320346032,0.0,2023-01-14 01:00:00
27.61095761430866,1013.8468041201804,0.0,2023-01-14 02:00:00
25.04200768326552,1005.9314275154752,0.0,2023-01-14 03:00:00
26.363905942589927,1012.4438696932564,0.0,2023-01-14 04:00:00
24.379466486813087,1008.480461792676,0.0,2023-01-14 05:00:00
25.648332704976884,1009.3223502870512,0.0,2023-01-14 06:00:00
24.739713891264632,1019.1804658760522,0.0,2023-01-14 07:00:00
25.19399192998544,1018.4565506029712,0.0,2023-01-14 08:00:00
26.190314050873827,1016.045690604536,0.0,2023-01-14 09:00:00
23.363558633533057,1007.5384361766372,0.0,2023-01-14 10:00:00
29.18477455137092,1011.417957751526,0.0,2023-01-14 11:00:00
22.987965237000594,1019.065488499896,0.0,2023-01-14 12:00:00
22.571622774424537,1013.7085845681996,0.0,2023-01-14 13:00:00
27.31622174700013,1024.5966476999083,0.0,2023-01-14 14:00:00
26.58332538792587,1014.966589196972,0.0,2023-01-14 15:00:00
26.24823963410431,1013.9602455824502,0.0,2023-01-14 16:00:00
26.25669101852856,1011.4544176789876,0.0,2023-01-14 17:00:00
24.97550645430617,1013.6677045239114,0.0,2023-01-14 18:00:00
23.20549125702834,1012.2376508180972,0.0,2023-01-14 19:00:00
25.15160911638745,1016.5405433834428,0.0,2023-01-14 20:00:00
23.645676576975777,1017.7835115839728,0.0,2023-01-14 21:00:00
26.9502394668355,1009.0700526974604,0.0,2023-01-14 22:00:00
24.705885236995723,1006.3438352322112,0.0,2023-01-14 23:00:00
23.349005606414977,1003.8189731344836,0.0,2023-01-15 00:00:00
24.35722831669401,1015.5399566345628,0.0,2023-01-15 01:00:00
25.825862908551247,1007.4831669691306,0.0,2023-01-15 02:00:00
23.87255089439205,1002.2355470352376,0.0,2023-01-15 03:00:00
23.35555920886713,1014.9428930226547,0.0,2023-01-15 04:00:00
25.487374422983823,1025.464997587164,0.0,2023-01-15 05:00:00
25.48993314221745,1012.9696454423006,0.0,2023-01-15 06:00:00
23.98611364925774,1017.1924538722582,0.0,2023-01-15 07:00:00
24.05792338876336,1013.4091467927378,0.0,2023-01-15 08:00:00
25.46409987471528,1012.5055517340444,0.0,2023-01-15 09:00:00
22.10383131700535,1017.5953824149389,0.0,2023-01-15 10:00:00
22.18507245124689,1011.5486272790567,0.0,2023-01-15 11:00:00
23.563111557495127,1014.3369615703596,0.0,2023-01-15 12:00:00
24.573105696576302,1014.60848903098,0.0,2023-01-15 13:00:00
25.62181513119601,1009.6595477317848,0.0,2023-01-15 14:00:00
27.950712433899103,1017.9602117476826,0.0,2023-01-15 15:00:00
26.71531924640404,1012.125201216523,0.0,2023-01-15 16:00:00
24.680122940073147,1009.2212742025358,0.0,2023-01-15 17:00:00
24.96196758419462,1015.682549217852,0.0,2023-01-15 18:00:00
22.994941270724382,1008.5076600910448,0.0,2023-01-15 19:00:00
24.96297372801522,1013.1409057868456,0.0,2023-01-15 20:00:00
24.422682722159724,1012.954405016779,0.0,2023-01-15 21:00:00
25.645437120676178,1018.429477829158,0.0,2023-01-15 22:00:00
23.345538112895355,1015.3734911643998,0.0,2023-01-15 23:00:00
26.038693028482346,1012.8748652062744,0.0,2023-01-16 00:00:00
28.06547782600516,1017.0888314960016,0.0,2023-01-16 01:00:00
24.782479703086285,1019.9510377450864,0.0,2023-01-16 02:00:00
25.80342344419788,1015.7890515317594,0.0,2023-01-16 03:00:00
26.380287983422225,1013.0517630992168,0.0,2023-01-16 04:00:00
24.19755905622833,1006.4408188382492,0.0,2023-01-16 05:00:00
25.448184963620832,1007.6744316846232,0.0,2023-01-16 06:00:00
25.02518480156359,1011.4738764782268,0.0,2023-01-16 07:00:00
25.195352197097662,1009.9524389892036,0.0,2023-01-16 08:00:00
23.453980432289068,1012.0651434850728,0.0,2023-01-16 09:00:00
25.049020348517885,1013.2832496244856,0.0,2023-01-16 10:00:00
25.9959965824909,1015.6484637717836,0.0,2023-01-16 11:00:00
27.90228721559008,1012.6475061097044,0.0,2023-01-16 12:00:00
26.91854165217041,1015.432508219131,0.0,2023-01-16 13:00:00
29.30636491502312,1013.3223720740506,0.0,2023-01-16 14:00:00
23.4653048742239,1003.1226671682308,0.0,2023-01-16 15:00:00
26.74464127344136,1008.3033230309062,0.0,2023-01-16 16:00:00
25.366684011476703,1012.279562221392,0.0,2023-01-16 17:00:00
29.379605866435345,1006.9515262857944,0.0,2023-01-16 18:00:00
23.383403429289697,1015.9996436499812,0.0,2023-01-16 19:00:00
23.32055631563845,1020.6537541617184,0.0,2023-01-16 20:00:00
23.80121470911196,1019.0938092584864,0.0,2023-01-16 21:00:00
20.752208551380384,1011.932785645349,0.0,2023-01-16 22:00:00
23.94848995663848,1020.4536306842498,0.0,2023-01-16 23:00:00
23.481734676892604,1013.7433372860104,0.0,2023-01-17 00:00:00
25.300787572952416,1011.3145701444098,0.0,2023-01-17 01:00:00
25.68351195155432,1009.9329866822952,0.0,2023-01-17 02:00:00
28.75234167843177,1011.4876515675594,0.0,2023-01-17 03:00:00
26.900847676372106,1011.059115907294,0.0,2023-01-17 04:00:00
23.846192688675195,1013.8520811118774,0.0,2023-01-17 05:00:00
23.20317065730329,1013.8028699052492,0.0,2023-01-17 06:00:00
25.98383834301301,1013.0152301007672,0.0,2023-01-17 07:00:00
22.359533585958715,1015.1846908487316,0.0,2023-01-17 08:00:00
28.662917531708707,1018.9532313739315,0.0,2023-01-17 09:00:00
27.358880241442574,1017.7477706772066,0.0,2023-01-17 10:00:00
24.06164869579059,1005.5755101577504,0.0,2023-01-17 11:00:00
21.573730941818244,1000.2303943254902,0.0,2023-01-17 12:00:00
27.707744748330825,1017.6715995561964,0.0,2023-01-17 13:00:00
24.770920309494763,1006.1656065079228,0.0,2023-01-17 14:00:00
27.47563262394692,1011.8761729905366,0.0,2023-01-17 15:00:00
21.811144682411268,1007.1494348697032,0.0,2023-01-17 16:00:00
23.80124995409245,1003.9900978121,0.0,2023-01-17 17:00:00
25.010487399436368,1015.707313641024,0.0,2023-01-17 18:00:00
25.093961187529484,1016.7957758015132,0.0,2023-01-17 19:00:00
24.09986905704152,1010.1174479963664,0.0,2023-01-17 20:00:00
26.245699864695,1000.0447885392756,0.0,2023-01-17 21:00:00
22.86475914123481,1010.2687777587377,0.0,2023-01-17 22:00:00
24.71524102995741,1014.9590200270128,0.0,2023-01-17 23:00:00
25.2405912634238,1005.6054421561294,0.0,2023-01-18 00:00:00
26.0288776681175,1013.9167995988958,0.0,2023-01-18 01:00:00
26.42322975617778,1012.923450754135,0.0,2023-01-18 02:00:00
22.750715816324263,1015.8964574980056,0.0,2023-01-18 03:00:00
21.93177165852876,1013.5979018420708,0.0,2023-01-18 04:00:00
27.55535364379702,1008.1346552955922,0.0,2023-01-18 05:00:00
25.66462802395918,1018.9828575083224,0.0,2023-01-18 06:00:00
23.503026926886893,1012.2073521348652,0.0,2023-01-18 07:00:00
28.102303951045045,1012.8634773024504,0.0,2023-01-18 08:00:00
25.23134926858572,1008.333660204634,0.0,2023-01-18 09:00:00
27.35859436812765,1010.7835887440424,0.0,2023-01-18 10:00:00
25.13503696282022,1008.5759864298656,0.0,2023-01-18 11:00:00
29.12149584976397,1012.1352697003828,0.0,2023-01-18 12:00:00
28.510681684886407,1021.5585424007118,0.0,2023-01-18 13:00:00
24.502071703041853,1006.1404942853432,0.0,2023-01-18 14:00:00
26.94314190190871,1004.9321930106164,0.0,2023-01-18 15:00:00
26.290751899170296,1020.355851637468,0.0,2023-01-18 16:00:00
27.737263115064696,1011.9533816142408,0.0,2023-01-18 17:00:00
23.07015307883979,1009.6546363067004,0.0,2023-01-18 18:00:00
26.37210291999688,1018.1995234369804,0.0,2023-01-18 19:00:00
27.116848973699177,1009.9719223013155,0.0,2023-01-18 20:00:00
21.482521027153773,1022.1300485677348,0.0,2023-01-18 21:00:00
22.63348297466845,1016.3896293566964,0.0,2023-01-18 22:00:00
20.9215356444798,1010.5604429592717,0.0,2023-01-18 23:00:00
24.461186331110884,1023.7865410663276,0.0,2023-01-19 00:00:00
26.435084511591924,1009.9714253849831,0.0,2023-01-19 01:00:00
28.004714104192058,1016.7104768600466,0.0,2023-01-19 02:00:00
25.14818956083955,1014.4964629020324,0.0,2023-01-19 03:00:00
28.257231091142582,1019.508706446994,0.0,2023-01-19 04:00:00
22.239797083570217,1020.8075559836344,0.0,2023-01-19 05:00:00
21.59323512128969,1013.1600207453288,0.0,2023-01-19 06:00:00
24.88890460220676,1009.2329106482692,0.0,2023-01-19 07:00:00
25.768130897878613,1015.2998607146956,0.0,2023-01-19 08:00:00
24.93461050381181,1009.6114231512396,0.0,2023-01-19 09:00:00
20.865115799920247,1023.0669362376332,0.0,2023-01-19 10:00:00
24.821759920974426,1013.6826766554136,0.0,2023-01-19 11:00:00
22.39106099899029,1011.1733922434396,0.0,2023-01-19 12:00:00
26.339345097660075,1013.9234015293246,0.0,2023-01-19 13:00:00
25.73319649219369,1006.2643685523516,0.0,2023-01-19 14:00:00
23.12024042734529,1008.1419298074468,0.0,2023-01-19 15:00:00
23.97226616532661,1019.002069539722,0.0,2023-01-19 16:00:00
22.881572956222097,1009.715528605143,0.0,2023-01-19 17:00:00
24.874641805453656,1007.7654450865904,0.0,2023-01-19 18:00:00
26.91028464100248,1015.6832637626364,0.0,2023-01-19 19:00:00
23.02854790732892,1018.928520773315,0.0,2023-01-19 20:00:00
26.00809303103569,1016.5947665533254,0.0,2023-01-19 21:00:00
23.93948476325512,1017.9802384290292,0.0,2023-01-19 22:00:00
23.41425433547532,1009.2160245571528,0.0,2023-01-19 23:00:00
24.785939280090883,1005.8909466662908,0.0,2023-01-20 00:00:00
22.92951535516125,1020.5066682597776,0.0,2023-01-20 01:00:00
23.892701389305635,1011.3866008057892,0.0,2023-01-20 02:00:00
22.6042442148223,1011.7458349177248,0.0,2023-01-20 03:00:00
28.929450265832777,1019.6409707092452,0.0,2023-01-20 04:00:00
25.07052710394346,1015.7811500470032,0.0,2023-01-20 05:00:00
23.60054898401483,1015.279438860408,0.0,2023-01-20 06:00:00
25.427959821468445,1023.8250117245054,0.0,2023-01-20 07:00:00
24.775343900618346,1009.7824088480992,0.0,2023-01-20 08:00:00
24.55806080093356,1017.6392006404062,0.0,2023-01-20 09:00:00
26.22833340008685,1013.2850656244856,0.0,2023-01-20 10:00:00
26.51501542009461,1014.3429613943164,0.0,2023-01-20 11:00:00
23.938997704778945,1020.6423421320628,0.0,2023-01-20 12:00:00
23.84836351871064,1015.539178781448,0.0,2023-01-20 13:00:00
24.44989660569671,1015.6914803952482,0.0,2023-01-20 14:00:00
20.39615767052883,1018.362536686549,0.0,2023-01-20 15:00:00
21.969617875602896,1011.1752363522857,0.0,2023-01-20 16:00:00
27.73374853488905,1008.8039516633048,0.0,2023-01-20 17:00:00
28.28993542700257,1007.7759540298948,0.0,2023-01-20 18:00:00
24.501927920887244,1003.16821705312,0.0,2023-01-20 19:00:00
26.153113926111534,1023.2810356497016,0.0,2023-01-20 20:00:00
25.62250030908708,1007.4839581713916,0.0,2023-01-20 21:00:00
31.15776161691048,1011.8937318820712,0.0,2023-01-20 22:00:00
27.23914982286915,1011.6159335005552,0.0,2023-01-20 23:00:00
24.744164817038467,1014.5370334890456,0.0,2023-01-21 00:00:00
23.088919118799147,1017.0786860626964,0.0,2023-01-21 01:00:00
21.787107359484857,1017.3023674417988,0.0,2023-01-21 02:00:00
25.40692727173445,1010.0846128071552,0.0,2023-01-21 03:00:00
23.4872985094314,1012.164391431068,0.0,2023-01-21 04:00:00
22.15549258080465,1014.4128997524416,0.0,2023-01-21 05:00:00
23.706854231514946,1011.7565443690822,0.0,2023-01-21 06:00:00
22.83690399277121,1021.0367278801,0.0,2023-01-21 07:00:00
28.374283270145128,1015.4548747581912,0.0,2023-01-21 08:00:00
26.7632795138989,1016.674388930249,0.0,2023-01-21 09:00:00
24.984054717366764,1016.314406343337,0.0,2023-01-21 10:00:00
27.959888277780053,1018.8673692874266,0.0,2023-01-21 11:00:00
25.154736615295235,1013.9051077935184,0.0,2023-01-21 12:00:00
23.277431597343472,1006.5158402602208,0.0,2023-01-21 13:00:00
28.04624815453932,1014.9984397587632,0.0,2023-01-21 14:00:00
26.07782008736932,1009.7432155310408,0.0,2023-01-21 15:00:00
22.92550769134709,1010.3569165912512,0.0,2023-01-21 16:00:00
24.619322643832785,1015.9318200937756,0.0,2023-01-21 17:00:00
23.248763493230484,1019.191415357168,0.0,2023-01-21 18:00:00
22.234400538071327,1013.1063578836804,0.0,2023-01-21 19:00:00
26.85235509506328,1014.5441650629948,0.0,2023-01-21 20:00:00
28.81883328094026,1021.5110747231762,0.0,2023-01-21 21:00:00
22.20286485236172,1014.2037658974428,0.0,2023-01-21 22:00:00
26.12593847338114,1026.008415570902,0.0,2023-01-21 23:00:00
23.698714861756347,1015.8275482281578,0.0,2023-01-22 00:00:00
24.02574923247061,1004.1961862042208,0.0,2023-01-22 01:00:00
23.81521215152226,1016.7667081055226,0.0,2023-01-22 02:00:00
23.272018460640368,1014.9057919244138,0.0,2023-01-22 03:00:00
25.09704325588965,1019.4487637704136,0.0,2023-01-22 04:00:00
23.338099767177923,1016.3659067563498,0.0,2023-01-22 05:00:00
25.54091365155968,1012.3077200800813,0.0,2023-01-22 06:00:00
24.899523781101728,1006.8785088185532,0.0,2023-01-22 07:00:00
24.52210390626718,1011.95488371357,0.0,2023-01-22 08:00:00
23.184872675916804,1008.7473977289536,0.0,2023-01-22 09:00:00
23.84645733886333,1010.0973827509764,0.0,2023-01-22 10:00:00
26.51078245165151,1015.942892022103,0.0,2023-01-22 11:00:00
26.00183437524876,1021.3495225217572,0.0,2023-01-22 12:00:00
23.044889510402896,1014.9733576491147,0.0,2023-01-22 13:00:00
25.19866461085845,1007.020584689824,0.0,2023-01-22 14:00:00
26.502774246743577,1015.2230133411008,0.0,2023-01-22 15:00:00
21.66118943775726,1018.9831574332284,0.0,2023-01-22 16:00:00
26.08672038475987,1009.9510854784032,0.0,2023-01-22 17:00:00
23.674752482108307,1012.3299141666354,0.0,2023-01-22 18:00:00
26.14119733718632,1013.073440973646,0.0,2023-01-22 19:00:00
23.473481686914965,1009.0755084345888,0.0,2023-01-22 20:00:00
21.39023579867096,1016.2414021692192,0.0,2023-01-22 21:00:00
21.744915124233675,1012.3952592569613,0.0,2023-01-22 22:00:00
25.096169893322763,1015.0976622195352,0.0,2023-01-22 23:00:00
25.519445003442964,1008.5625391109896,0.0,2023-01-23 00:00:00
23.191366749791182,1010.8127084983828,0.0,2023-01-23 01:00:00
26.27718491755475,1016.6119067891389,0.0,2023-01-23 02:00:00
21.67695987546208,1011.1358342395412,0.0,2023-01-23 03:00:00
24.867840402705365,1021.634819256167,0.0,2023-01-23 04:00:00
22.577967600475088,1011.001819071927,0.0,2023-01-23 05:00:00
23.69632778439568,1014.1234236287594,0.0,2023-01-23 06:00:00
25.094797342632827,1017.6629541593654,0.0,2023-01-23 07:00:00
23.279173269432096,1005.9081713353348,0.0,2023-01-23 08:00:00
24.23088891154035,1004.1959559400962,0.0,2023-01-23 09:00:00
27.01258561842888,1005.3717184271496,0.0,2023-01-23 10:00:00
23.846216260953703,1019.312920517136,0.0,2023-01-23 11:00:00
26.67138422413028,1010.2407092705378,0.0,2023-01-23 12:00:00
22.740586290684764,1025.7909964283413,0.0,2023-01-23 13:00:00
26.05960835583057,1010.1787620067132,0.0,2023-01-23 14:00:00
27.8831372413158,1013.9227565159852,0.0,2023-01-23 15:00:00
20.05671099974542,1020.7105497628394,0.0,2023-01-23 16:00:00
23.406209489059048,1023.0304644407956,0.0,2023-01-23 17:00:00
26.15414425436108,1023.307517883182,0.0,2023-01-23 18:00:00
24.59390922791401,1019.0418311529658,0.0,2023-01-23 19:00:00
25.742291746742616,1018.1203126290574,0.0,2023-01-23 20:00:00
23.79202962656836,1015.962634746006,0.0,2023-01-23 21:00:00
25.1731795749458,1016.8918053808331,0.0,2023-01-23 22:00:00
24.68864552921584,1010.2440714183572,0.0,2023-01-23 23:00:00
27.33556412331961,1008.9090055828884,0.0,2023-01-24 00:00:00
25.508841686602427,1012.9831277129452,0.0,2023-01-24 01:00:00
25.675205324150404,1012.1490768873754,0.0,2023-01-24 02:00:00
24.176246067755063,1010.7338597533636,0.0,2023-01-24 03:00:00
24.024787551855013,1016.4819372372835,0.0,2023-01-24 04:00:00
24.13488362436076,1017.7765260428524,0.0,2023-01-24 05:00:00
25.7889042847566,1013.4420344314592,0.0,2023-01-24 06:00:00
24.158031038359475,1020.3876504052764,0.0,2023-01-24 07:00:00
25.579549713792822,1007.2915544293325,0.0,2023-01-24 08:00:00
29.15080159729088,1012.0317027036014,0.0,2023-01-24 09:00:00
26.742249406863383,1009.415888396986,0.0,2023-01-24 10:00:00
24.34795293566432,1003.6673169146349,0.0,2023-01-24 11:00:00
27.40242784432789,1012.5865965707864,0.0,2023-01-24 12:00:00
24.183849253956897,1012.3912624580836,0.0,2023-01-24 13:00:00
20.92375092964429,1020.5672487162108,0.0,2023-01-24 14:00:00
22.98382737816519,1016.154058422774,0.0,2023-01-24 15:00:00
21.25841615794829,1007.879065878354,0.0,2023-01-24 16:00:00
24.296973031917386,1022.2704628316708,0.0,2023-01-24 17:00:00
25.036836758379103,1019.1051684776268,0.0,2023-01-24 18:00:00
28.35287462455057,1015.9104885173432,0.0,2023-01-24 19:00:00
25.653854747528325,1011.8675795057508,0.0,2023-01-24 20:00:00
24.56179894238227,1008.2028038163826,0.0,2023-01-24 21:00:00
26.658811162366977,1011.1389661196448,0.0,2023-01-24 22:00:00
20.57772938198423,1018.4437430985208,0.0,2023-01-24 23:00:00
25.47122911621713,1022.4229315296732,0.0,2023-01-25 00:00:00
26.54173038777393,1020.7162176413608,0.0,2023-01-25 01:00:00
22.04282750844032,1010.5557528910688,0.0,2023-01-25 02:00:00
27.28750808641385,1007.4019128335548,0.0,2023-01-25 03:00:00
25.67699281498883,1013.704431234556,0.0,2023-01-25 04:00:00
24.1694241721984,1004.1578031721856,0.0,2023-01-25 05:00:00
26.26556373221257,1014.615838570924,0.0,2023-01-25 06:00:00
29.54138571560879,1012.2619870685066,0.0,2023-01-25 07:00:00
25.36373251011699,1010.6698174906588,0.0,2023-01-25 08:00:00
25.496441172600672,1005.026484663666,0.0,2023-01-25 09:00:00
24.08127820091952,1015.5680005328486,0.0,2023-01-25 10:00:00
23.300311261070416,1010.3364958016904,0.0,2023-01-25 11:00:00
26.66067163308849,1007.1504158214484,0.0,2023-01-25 12:00:00
23.287832348182267,998.6386889335918,0.0,2023-01-25 13:00:00
25.143132474438787,1012.8624254747468,0.0,2023-01-25 14:00:00
24.044685106469768,1021.8612579833488,0.0,2023-01-25 15:00:00
25.957959651492786,1021.3062960727392,0.0,2023-01-25 16:00:00
25.66732421057389,1010.7145187170686,0.0,2023-01-25 17:00:00
27.0750798885158,1009.9889396981912,0.0,2023-01-25 18:00:00
23.979967202290503,1015.3438712803752,0.0,2023-01-25 19:00:00
24.460250129413257,1008.0080728040584,0.0,2023-01-25 20:00:00
23.042472568435382,1014.5089594990974,0.0,2023-01-25 21:00:00
24.111413479847776,1016.8304013919236,0.0,2023-01-25 22:00:00
25.754600986089702,1019.1346661194216,0.0,2023-01-25 23:00:00
26.513977233290703,1012.4992296176002,0.0,2023-01-26 00:00:00
23.15566935164475,1011.9816312491153,0.0,2023-01-26 01:00:00
26.73921184021132,1008.6100870662171,0.0,2023-01-26 02:00:00
27.7112757176099,1008.8655982298008,0.0,2023-01-26 03:00:00
25.8268698064474,1011.8676055404924,0.0,2023-01-26 04:00:00
28.753591625116133,1014.8368275340808,0.0,2023-01-26 05:00:00
23.452421601792853,1017.5679231311664,0.0,2023-01-26 06:00:00
22.510690593377166,1008.9841052465982,0.0,2023-01-26 07:00:00
21.442559502191443,1020.4634428447976,0.0,2023-01-26 08:00:00
27.992088622978365,1011.6443819947872,0.0,2023-01-26 09:00:00
26.308731312708115,1012.8931635282578,0.0,2023-01-26 10:00:00
24.88883065817909,1009.2639416042608,0.0,2023-01-26 11:00:00
25.55993725263964,1000.8787986986353,0.0,2023-01-26 12:00:00
22.749021905403247,1017.4202269818052,0.0,2023-01-26 13:00:00
29.891503959233653,1016.6842194854622,0.0,2023-01-26 14:00:00
25.25844236395045,1011.5933622144088,0.0,2023-01-26 15:00:00
25.218789589209784,1013.3349535861244,0.0,2023-01-26 16:00:00
26.451533247797386,1015.5796960885204,0.0,2023-01-26 17:00:00
25.962018463473427,1005.1872707155673,0.0,2023-01-26 18:00:00
25.447768048558263,1010.3547366132684,0.0,2023-01-26 19:00:00
23.419051089109377,1016.9713233981092,0.0,2023-01-26 20:00:00
25.94293671427199,1006.7285528841536,0.0,2023-01-26 21:00:00
28.764048992950062,1014.4677896608332,0.0,2023-01-26 22:00:00
27.690840092309955,1006.217090976883,0.0,2023-01-26 23:00:00
28.186373253278795,1015.3321499121676,0.0,2023-01-27 00:00:00
23.97756864713763,1012.8217925885126,0.0,2023-01-27 01:00:00
23.02079035948284,1004.9243409204724,0.0,2023-01-27 02:00:00
24.748426159800704,1018.823696772286,0.0,2023-01-27 03:00:00
25.111449824577388,1009.3270421160098,0.0,2023-01-27 04:00:00
27.188383036941897,1008.948737814928,0.0,2023-01-27 05:00:00
21.61507074057036,1014.0028459861549,0.0,2023-01-27 06:00:00
28.059100638921223,1018.7431867471436,0.0,2023-01-27 07:00:00
24.683984202842023,1007.920890905108,0.0,2023-01-27 08:00:00
24.14623786010516,1013.30839924924,0.0,2023-01-27 09:00:00
22.975791249479663,1015.1440825016527,0.0,2023-01-27 10:00:00
21.690286656268466,1016.4655280363156,0.0,2023-01-27 11:00:00
26.64634116792383,1013.8822077763862,0.0,2023-01-27 12:00:00
25.146635934376807,1011.1648608045834,0.0,2023-01-27 13:00:00
22.42007820051789,1008.8620488967564,0.0,2023-01-27 14:00:00
22.409842455872766,1013.430719415232,0.0,2023-01-27 15:00:00
24.328430601419743,1007.639304940072,0.0,2023-01-27 16:00:00
28.338043050578783,998.393247582527,0.0,2023-01-27 17:00:00
24.48081729727279,1015.1827990207884,0.0,2023-01-27 18:00:00
21.99371409376379,1017.519674205431,0.0,2023-01-27 19:00:00
24.50851387182811,1001.1853378222908,0.0,2023-01-27 20:00:00
24.45455286050466,1007.9513464764505,0.0,2023-01-27 21:00:00
19.606226714116858,1016.095771305026,0.0,2023-01-27 22:00:00
24.89141026696437,1023.2874773485584,0.0,2023-01-27 23:00:00
24.538130939582643,1013.103968538377,0.0,2023-01-28 00:00:00
26.39241272962684,1009.3599852938544,0.0,2023-01-28 01:00:00
28.69791218989069,1012.0855177944758,0.0,2023-01-28 02:00:00
27.253130059095515,1019.8743820957408,0.0,2023-01-28 03:00:00
24.46222261889034,1009.7701791043772,0.0,2023-01-28 04:00:00
22.78694818251666,1009.0040399667488,0.0,2023-01-28 05:00:00
30.14671960649972,1010.58628238909,0.0,2023-01-28 06:00:00
25.118436868028976,1008.2333569587064,0.0,2023-01-28 07:00:00
25.027858583825893,1013.613351579974,0.0,2023-01-28 08:00:00
24.951749825779995,1021.1233922923478,0.0,2023-01-28 09:00:00
25.39616952153571,1014.6153963655802,0.0,2023-01-28 10:00:00
24.711279176152114,1011.7382324893686,0.0,2023-01-28 11:00:00
23.85267598623953,1011.5409436554224,0.0,2023-01-28 12:00:00
23.90628211751921,1005.1840459565168,0.0,2023-01-28 13:00:00
24.934493459568003,1017.4155488857358,0.0,2023-01-28 14:00:00
23.91315045773247,1012.610814014936,0.0,2023-01-28 15:00:00
23.57430843464568,1012.0976004320468,0.0,2023-01-28 16:00:00
25.2128604553838,1028.9655378392242,0.0,2023-01-28 17:00:00
24.49004556515829,1014.4937645418285,0.0,2023-01-28 18:00:00
28.007985977165376,1009.241044749524,0.0,2023-01-28 19:00:00
19.69806038321397,1010.8682120189724,0.0,2023-01-28 20:00:00
27.183013703844924,1018.7422285459836,0.0,2023-01-28 21:00:00
27.49217038499526,1013.5663520526888,0.0,2023-01-28 22:00:00
20.8532195351837,1005.8086101084132,0.0,2023-01-28 23:00:00
24.314624811839305,1017.596144672876,0.0,2023-01-29 00:00:00
24.257118268008416,1009.6592795723052,0.0,2023-01-29 01:00:00
22.18497661056436,1022.3664888810878,0.0,2023-01-29 02:00:00
23.44436662481825,1018.4002403285732,0.0,2023-01-29 03:00:00
22.778848309068344,1010.7633905217062,0.0,2023-01-29 04:00:00
28.504540886847245,1019.4050818086756,0.0,2023-01-29 05:00:00
26.87135678629492,1013.339277552637,0.0,2023-01-29 06:00:00
27.54311018998832,1017.2638683756112,0.0,2023-01-29 07:00:00
26.44334412808647,1015.4236640864724,0.0,2023-01-29 08:00:00
22.74189645756554,1008.7682167250456,0.0,2023-01-29 09:00:00
23.95095946744045,1009.7822508384128,0.0,2023-01-29 10:00:00
25.978749122455834,1018.1498040879056,0.0,2023-01-29 11:00:00
22.55574438221611,1011.3261233394672,0.0,2023-01-29 12:00:00
26.42599686034477,1010.98175768379,0.0,2023-01-29 13:00:00
24.51934920368373,1008.2243871032532,0.0,2023-01-29 14:00:00
24.250358384900807,1015.1179953279672,0.0,2023-01-29 15:00:00
26.421919936406983,1023.3126245962158,0.0,2023-01-29 16:00:00
25.88852662297208,1007.6623354287286,0.0,2023-01-29 17:00:00
24.27806766836184,1013.1210972833638,0.0,2023-01-29 18:00:00
27.31865960672849,1020.0611027770772,0.0,2023-01-29 19:00:00
22.837873344800204,1012.6017930437714,0.0,2023-01-29 20:00:00
26.231871213888528,1015.2618589812488,0.0,2023-01-29 21:00:00
26.186202515936767,1007.6880323592655,0.0,2023-01-29 22:00:00
24.38090712137202,1015.1415354860384,0.0,2023-01-29 23:00:00
25.65226604448424,1012.0642786749772,0.0,2023-01-30 00:00:00
22.497772847229395,1017.9286499783992,0.0,2023-01-30 01:00:00
26.848054038413803,1018.9369302578236,0.0,2023-01-30 02:00:00
24.63019572711402,1025.9478182100931,0.0,2023-01-30 03:00:00
23.95455395896192,1015.898165866068,0.0,2023-01-30 04:00:00
27.098018451673777,1014.6289815829108,0.0,2023-01-30 05:00:00
23.591312618914483,1013.9719215078868,0.0,2023-01-30 06:00:00
22.18307740727288,1011.2341685359464,0.0,2023-01-30 07:00:00
21.8867416529522,1014.6924192173084,0.0,2023-01-30 08:00:00
26.21201990269128,1011.5229929493048,0.0,2023-01-30 09:00:00
22.439141295007435,1013.842304881348,0.0,2023-01-30 10:00:00
28.509588363968728,1019.5879876780398,0.0,2023-01-30 11:00:00
20.83614118423256,1007.9672871736018,0.0,2023-01-30 12:00:00
28.39291273658008,1018.6993928056452,0.0,2023-01-30 13:00:00
25.42203493440524,1019.5855753366992,0.0,2023-01-30 14:00:00
24.806573776259214,1012.4096573650446,0.0,2023-01-30 15:00:00
23.9101618263821,1002.390725504957,0.0,2023-01-30 16:00:00
25.798272228704143,1009.9608900645278,0.0,2023-01-30 17:00:00
24.924730595150304,1019.4849727328055,0.0,2023-01-30 18:00:00
27.206603764033044,1012.8856596885056,0.0,2023-01-30 19:00:00
25.22845529732408,1008.0034888385254,0.0,2023-01-30 20:00:00
25.300603522923755,1010.4761253938588,0.0,2023-01-30 21:00:00
24.27277557557229,1017.2031001325228,0.0,2023-01-30 22:00:00
24.886108752557867,1015.7336678410068,0.0,2023-01-30 23:00:00
25.61560353778412,1011.8053395041516,0.0,2023-01-31 00:00:00
21.57966321468675,1011.1658779409264,0.0,2023-01-31 01:00:00
22.30362915578857,1011.0412092547808,0.0,2023-01-31 02:00:00
26.48652818804543,1008.3879490775076,0.0,2023-01-31 03:00:00
25.341730876255884,1021.0768784473472,0.0,2023-01-31 04:00:00
24.632033327294643,1011.3883976539432,0.0,2023-01-31 05:00:00
25.036867866130788,1019.0857926041276,0.0,2023-01-31 06:00:00
25.695163410723342,1020.6065802596122,0.0,2023-01-31 07:00:00
23.92048063938128,1017.9915544907398,0.0,2023-01-31 08:00:00
23.44339054919537,1010.8418984364098,0.0,2023-01-31 09:00:00
25.391690510195364,1015.018650451683,0.0,2023-01-31 10:00:00
23.043254444769936,1012.8790219680454,0.0,2023-01-31 11:00:00
25.816505511428943,1008.4814906963494,0.0,2023-01-31 12:00:00
21.59483279152432,1014.621796408608,0.0,2023-01-31 13:00:00
27.058311274651288,1007.1048010442008,0.0,2023-01-31 14:00:00
25.945194964826086,1018.9383969423078,0.0,2023-01-31 15:00:00
25.51205946862775,1010.676913513508,0.0,2023-01-31 16:00:00
26.965381967891027,1014.0057982793642,0.0,2023-01-31 17:00:00
28.33094888892516,1014.4164393577308,0.0,2023-01-31 18:00:00
27.02874013003626,1011.7054751314796,0.0,2023-01-31 19:00:00
21.31825153733671,1015.9334690073764,0.0,2023-01-31 20:00:00
22.4408460665286,1010.6254817168874,0.0,2023-01-31 21:00:00
23.75036284460864,1017.3564864872862,0.0,2023-01-31 22:00:00
25.052182100421668,1006.2701015987662,0.0,2023-01-31 23:00:00
26.035318040938247,1013.631897897732,0.0,2023-02-01 00:00:00
23.548512373693068,1022.6946449952916,0.0,2023-02-01 01:00:00
25.373533528954155,1007.998343376972,0.0,2023-02-01 02:00:00
23.489234135293355,1009.6112751473756,0.0,2023-02-01 03:00:00
23.776964394016105,1015.5695392482946,0.0,2023-02-01 04:00:00
22.18667780630356,1013.897908909698,0.0,2023-02-01 05:00:00
23.153533507778192,1014.7531504963678,0.0,2023-02-01 06:00:00
22.29663078876733,1015.4459356507384,0.0,2023-02-01 07:00:00
23.048253494045333,1016.1736073428089,0.0,2023-02-01 08:00:00
27.10728359321568,1018.5484992097812,0.0,2023-02-01 09:00:00
23.10120222233612,1015.0490932846426,0.0,2023-02-01 10:00:00
30.26476412967478,1011.7937117269072,0.0,2023-02-01 11:00:00
25.98663580176178,1016.3628685060136,0.0,2023-02-01 12:00:00
25.369672247389747,1022.499409674476,0.0,2023-02-01 13:00:00
23.283284439637573,1012.3368312680872,0.0,2023-02-01 14:00:00
26.40061975881798,1008.1273534766468,0.0,2023-02-01 15:00:00
23.848724347524453,1018.5354033464348,0.0,2023-02-01 16:00:00
25.24401962929072,1012.398094180232,0.0,2023-02-01 17:00:00
30.12016907653759,1002.13665226993,0.0,2023-02-01 18:00:00
24.8078802005507,1017.237108385752,0.0,2023-02-01 19:00:00
27.29854665257136,1010.3233590702304,0.0,2023-02-01 20:00:00
23.593647149748225,1012.5473335884792,0.0,2023-02-01 21:00:00
24.930023019006075,1014.6599016528452,0.0,2023-02-01 22:00:00
28.54160127127102,1013.9524983988954,0.0,2023-02-01 23:00:00
23.746065884424464,1016.5472590856951,0.0,2023-02-02 00:00:00
28.624897115993857,1010.8225681471508,0.0,2023-02-02 01:00:00
26.41550387091095,1015.5655289908804,0.0,2023-02-02 02:00:00
23.875066448211463,1011.7022666120804,0.0,2023-02-02 03:00:00
26.264815478111043,1016.6940524044376,0.0,2023-02-02 04:00:00
26.94510889925346,1016.0768374200652,0.0,2023-02-02 05:00:00
26.24361992443439,1008.322806489777,0.0,2023-02-02 06:00:00
21.859550560219088,1018.4299105808752,0.0,2023-02-02 07:00:00
23.545725648350263,1010.3201827744298,0.0,2023-02-02 08:00:00
24.50496272889699,1017.0402889914058,0.0,2023-02-02 09:00:00
24.851133141799902,1014.8364365670068,0.0,2023-02-02 10:00:00
26.241344195101355,1022.1909183839756,0.0,2023-02-02 11:00:00
25.35540200186651,1011.8826700881408,0.0,2023-02-02 12:00:00
22.3293112825798,1011.253416019409,0.0,2023-02-02 13:00:00
25.760395702011927,1012.9029019705612,0.0,2023-02-02 14:00:00
26.221171490567645,1011.4841010858286,0.0,2023-02-02 15:00:00
26.11958089586208,1016.9997095097102,0.0,2023-02-02 16:00:00
27.161561451109243,1004.9184469578172,0.0,2023-02-02 17:00:00
26.66784430909781,1007.7315879042684,0.0,2023-02-02 18:00:00
25.91836015845688,1007.660985392104,0.0,2023-02-02 19:00:00
24.859668577082704,1017.7515379598678,0.0,2023-02-02 20:00:00
21.67807813296801,1021.5530668629096,0.0,2023-02-02 21:00:00
25.85923643826517,1012.4777539073126,0.0,2023-02-02 22:00:00
25.41537537432622,1012.15589138405,0.0,2023-02-02 23:00:00
25.54315767439075,1013.350260815566,0.0,2023-02-03 00:00:00
22.44650284835938,1018.809391513041,0.0,2023-02-03 01:00:00
22.837886919183475,1008.3632343290471,0.0,2023-02-03 02:00:00
27.106305706665808,1014.191844913674,0.0,2023-02-03 03:00:00
24.92088969228669,1017.875988148912,0.0,2023-02-03 04:00:00
26.36300139474525,1015.5054708496992,0.0,2023-02-03 05:00:00
25.05663675226092,1013.9479080829938,0.0,2023-02-03 06:00:00
25.05951227899149,1018.0052304628356,0.0,2023-02-03 07:00:00
26.876567611951995,999.4838385350038,0.0,2023-02-03 08:00:00
23.967910543565253,1016.3893765976544,0.0,2023-02-03 09:00:00
25.192241553881967,1009.7296215843628,0.0,2023-02-03 10:00:00
24.07544942258992,1003.8468355157178,0.0,2023-02-03 11:00:00
24.13100754513537,1015.5560129976247,0.0,2023-02-03 12:00:00
24.38165575306272,1019.8682927258149,0.0,2023-02-03 13:00:00
25.444267543267426,1012.3127574268616,0.0,2023-02-03 14:00:00
24.042502756673045,1017.7643727360148,0.0,2023-02-03 15:00:00
27.51151225114704,1021.0613912899432,0.0,2023-02-03 16:00:00
23.210785395561,1019.5745722679202,0.0,2023-02-03 17:00:00
24.62625671167728,1021.199822646857,0.0,2023-02-03 18:00:00
24.12053788345165,1016.7106374553596,0.0,2023-02-03 19:00:00
27.893955768707464,1013.377168194508,0.0,2023-02-03 20:00:00
25.393109553023148,1004.9901709405142,0.0,2023-02-03 21:00:00
27.06368907893727,1011.7696875593502,0.0,2023-02-03 22:00:00
22.028879253926057,1008.783767023419,0.0,2023-02-03 23:00:00
25.53410053173852,1023.8547135874892,0.0,2023-02-04 00:00:00
26.779261591246875,1012.1205709378384,0.0,2023-02-04 01:00:00
25.16456797855085,1013.6160240339224,0.0,2023-02-04 02:00:00
27.130960750130704,1015.7574268802024,0.0,2023-02-04 03:00:00
23.965423099799256,1013.2180122318624,0.0,2023-02-04 04:00:00
27.81869488037116,1021.4752552021538,0.0,2023-02-04 05:00:00
29.5977962472385,1009.8867531913278,0.0,2023-02-04 06:00:00
24.27432287912068,1013.9730372761862,0.0,2023-02-04 07:00:00
24.10899495719845,1009.2876470715098,0.0,2023-02-04 08:00:00
27.906768954235403,1006.3998874438964,0.0,2023-02-04 09:00:00
28.159144291461423,1009.9411545454736,0.0,2023-02-04 10:00:00
23.954279945693465,1012.814816014758,0.0,2023-02-04 11:00:00
24.15962636580829,1010.8534888774136,0.0,2023-02-04 12:00:00
24.436430782278983,1009.5378951006307,0.0,2023-02-04 13:00:00
22.311098977931447,1005.9684126816408,0.0,2023-02-04 14:00:00
23.162696107031604,1012.5844721368566,0.0,2023-02-04 15:00:00
22.991718466495865,1005.4763981298448,0.0,2023-02-04 16:00:00
23.464404869791743,1016.800279818448,0.0,2023-02-04 17:00:00
24.93063022522644,1013.4121987646726,0.0,2023-02-04 18:00:00
25.46842946507304,1005.7122425026754,0.0,2023-02-04 19:00:00
28.10100098562816,1011.4539546147508,0.0,2023-02-04 20:00:00
23.00329191852241,1009.2392179720472,0.0,2023-02-04 21:00:00
26.968644796953168,1014.595872552096,0.0,2023-02-04 22:00:00
24.57202231154898,1019.7022522301156,0.0,2023-02-04 23:00:00
24.901072580695136,1003.6241376517712,0.0,2023-02-05 00:00:00
26.349638984333208,1013.5751303957372,0.0,2023-02-05 01:00:00
22.754555956875404,1012.1993360221668,0.0,2023-02-05 02:00:00
25.7648194923681,1016.3567003822524,0.0,2023-02-05 03:00:00
25.33290441642611,1014.0659831411884,0.0,2023-02-05 04:00:00
25.9849025280163,1009.240153341306,0.0,2023-02-05 05:00:00
25.57833728781564,1011.4047303216668,0.0,2023-02-05 06:00:00
29.91060027982179,1009.0198707159824,0.0,2023-02-05 07:00:00
23.724520031497367,1018.380035692993,0.0,2023-02-05 08:00:00
23.938006089996364,1013.1065582433596,0.0,2023-02-05 09:00:00
23.75371894715047,1022.505953428765,0.0,2023-02-05 10:00:00
23.88904576167949,1012.6966959309268,0.0,2023-02-05 11:00:00
23.725225745386965,1009.4579661654476,0.0,2023-02-05 12:00:00
27.378033062215103,1005.4314280369358,0.0,2023-02-05 13:00:00
27.84100849597971,1003.9843016187202,0.0,2023-02-05 14:00:00
23.858507412501048,1005.0793202849726,0.0,2023-02-05 15:00:00
23.335288853791543,1014.3356332550576,0.0,2023-02-05 16:00:00
25.942831112772808,1015.5436251161497,0.0,2023-02-05 17:00:00
23.895553911438057,1005.0940464898392,0.0,2023-02-05 18:00:00
26.26586363551102,1017.4751915703806,0.0,2023-02-05 19:00:00
25.4058460417026,1010.5846947415828,0.0,2023-02-05 20:00:00
21.96851177000553,1013.7339650599278,0.0,2023-02-05 21:00:00
28.09501040266012,1021.0611031412772,0.0,2023-02-05 22:00:00
28.591755346191043,1017.4841965793275,0.0,2023-02-05 23:00:00
23.774422619031228,1011.6573467604708,0.0,2023-02-06 00:00:00
24.22459688012804,1008.5440388729236,0.0,2023-02-06 01:00:00
25.57173078144981,1002.2409229933536,0.0,2023-02-06 02:00:00
25.66891357997405,1009.404233403788,0.0,2023-02-06 03:00:00
26.317088545345666,1011.9443488058616,0.0,2023-02-06 04:00:00
29.020409077532697,1008.064102364244,0.0,2023-02-06 05:00:00
24.646105545011903,1012.3437151645384,0.0,2023-02-06 06:00:00
23.403405510923093,1013.384259414794,0.0,2023-02-06 07:00:00
22.241361543970942,1011.8757200909596,0.0,2023-02-06 08:00:00
23.53813992011616,1009.7499870958828,0.0,2023-02-06 09:00:00
24.933746054252406,1013.8432733598336,0.0,2023-02-06 10:00:00
28.589115727035576,1015.2097032478472,0.0,2023-02-06 11:00:00
23.96477740192765,1007.5480046127858,0.0,2023-02-06 12:00:00
25.4475759032778,1020.0546618987312,0.0,2023-02-06 13:00:00
24.96715420785449,1012.5070593385786,0.0,2023-02-06 14:00:00
27.376786546896167,1013.0942481147242,0.0,2023-02-06 15:00:00
30.05386485174724,1016.5410721162827,0.0,2023-02-06 16:00:00
23.93826245415936,1014.1660806563176,0.0,2023-02-06 17:00:00
24.02112111496356,1017.7656831695664,0.0,2023-02-06 18:00:00
27.088321754138143,1014.4356208260092,0.0,2023-02-06 19:00:00
26.363782979252623,1009.9378131267978,0.0,2023-02-06 20:00:00
28.693414651472068,1014.8075176260304,0.0,2023-02-06 21:00:00
26.16785637065193,1007.2813689633967,0.0,2023-02-06 22:00:00
24.28141581842588,1013.5427985288826,0.0,2023-02-06 23:00:00
26.181309661384617,1012.8338500467776,0.0,2023-02-07 00:00:00
27.217407161165816,1011.9594157136372,0.0,2023-02-07 01:00:00
26.64096436239473,1012.3573124428052,0.0,2023-02-07 02:00:00
26.0145480622146,1003.5907547725118,0.0,2023-02-07 03:00:00
27.13334937917831,1010.2563754612952,0.0,2023-02-07 04:00:00
27.338591180891346,1013.4642245057056,0.0,2023-02-07 05:00:00
27.764317982075056,1013.799281959987,0.0,2023-02-07 06:00:00
26.29741977517929,1007.8616242953702,0.0,2023-02-07 07:00:00
24.66576383936629,1019.3285392043236,0.0,2023-02-07 08:00:00
25.293427372866645,1008.6691257589276,0.0,2023-02-07 09:00:00
27.413017933016715,1017.8472860026336,0.0,2023-02-07 10:00:00
23.366128658025527,1015.1359718093584,0.0,2023-02-07 11:00:00
25.737346617745803,1009.7688634507808,0.0,2023-02-07 12:00:00
24.21332237534528,1021.8765544630476,0.0,2023-02-07 13:00:00
25.05748964586964,1007.0318158412176,0.0,2023-02-07 14:00:00
27.5569037252146,1017.59577086805,0.0,2023-02-07 15:00:00
25.382198136039808,1018.0029115902148,0.0,2023-02-07 16:00:00
25.092873096312296,1009.6468989546167,0.0,2023-02-07 17:00:00
22.28028771804016,1019.9623265003216,0.0,2023-02-07 18:00:00
26.49250713205444,1011.7497674270052,0.0,2023-02-07 19:00:00
26.29096836228215,1014.4434681463993,0.0,2023-02-07 20:00:00
29.32650944661092,1014.301609193856,0.0,2023-02-07 21:00:00
24.384443530094,1012.3284562926472,0.0,2023-02-07 22:00:00
25.43830065532788,1017.0540413657988,0.0,2023-02-07 23:00:00
25.49876736742151,1016.967443602761,0.0,2023-02-08 00:00:00
28.15490655952695,1004.2573401338092,0.0,2023-02-08 01:00:00
24.80940893522609,1019.5217012143908,0.0,2023-02-08 02:00:00
25.55804305154068,1004.6875400598216,0.0,2023-02-08 03:00:00
26.21579301943308,1018.1627310217084,0.0,2023-02-08 04:00:00
25.37321824631272,1018.633525684138,0.0,2023-02-08 05:00:00
24.107132770898943,1007.545167848924,0.0,2023-02-08 06:00:00
25.38817998579661,1010.9459285602272,0.0,2023-02-08 07:00:00
27.147263499719543,1007.4714766575704,0.0,2023-02-08 08:00:00
22.94696940117788,1011.9253948485564,0.0,2023-02-08 09:00:00
25.265939348293752,1011.4598285790712,0.0,2023-02-08 10:00:00
23.59975837012165,1016.8983026613467,0.0,2023-02-08 11:00:00
27.390093257849685,1019.551543730598,0.0,2023-02-08 12:00:00
21.95362619043245,1019.9784190539498,0.0,2023-02-08 13:00:00
23.882156305456824,1010.1891598671084,0.0,2023-02-08 14:00:00
25.754423750129043,1011.9538906312772,0.0,2023-02-08 15:00:00
28.13104805846868,1004.5828090388952,0.0,2023-02-08 16:00:00
24.868499477854023,1008.9706496675192,0.0,2023-02-08 17:00:00
23.889600946613605,1017.8242581654872,0.0,2023-02-08 18:00:00
28.76231413888118,1021.0779141177412,0.0,2023-02-08 19:00:00
22.10397219916751,1006.8282556406004,0.0,2023-02-08 20:00:00
20.60238808675984,1010.0376787042356,0.0,2023-02-08 21:00:00
25.880028900106662,1012.8679712152052,0.0,2023-02-08 22:00:00
23.99589155129478,1014.400805794098,0.0,2023-02-08 23:00:00
22.95753436573857,1008.9519824003918,0.0,2023-02-09 00:00:00
26.416712894598707,1015.1203052223204,0.0,2023-02-09 01:00:00
25.4876014275424,1010.6308032646456,0.0,2023-02-09 02:00:00
23.871842738526546,1012.9277386456088,0.0,2023-02-09 03:00:00
22.43939120265821,1015.7314212400184,0.0,2023-02-09 04:00:00
26.74491465656029,1013.0321113490548,0.0,2023-02-09 05:00:00
26.30040235591732,1010.8180705473673,0.0,2023-02-09 06:00:00
24.80164827244124,1012.4519509803708,0.0,2023-02-09 07:00:00
28.69327399209533,1012.5581852039732,0.0,2023-02-09 08:00:00
22.85983046734769,1011.1499448505892,0.0,2023-02-09 09:00:00
21.94894965815052,1011.7060196866644,0.0,2023-02-09 10:00:00
23.61618386023752,1020.9932358525236,0.0,2023-02-09 11:00:00
24.908827967289003,1015.804597239706,0.0,2023-02-09 12:00:00
25.486678898645383,1011.5225984098544,0.0,2023-02-09 13:00:00
40.696954404510734,891.1348376589656,1.0,2023-02-09 14:00:00
39.66618051024399,906.30960750357,1.0,2023-02-09 15:00:00
41.17312463758664,895.471338495687,1.0,2023-02-09 16:00:00
40.36964219219809,896.7311683067559,1.0,2023-02-09 17:00:00
39.89269785599577,897.0216935297825,1.0,2023-02-09 18:00:00
40.44771692581028,906.872190465854,1.0,2023-02-09 19:00:00
38.4291238479315,889.3216289301065,1.0,2023-02-09 20:00:00
38.8732325310902,915.6887426683,1.0,2023-02-09 21:00:00
38.806074993600944,905.2802840453304,1.0,2023-02-09 22:00:00
40.14294309476371,901.1161945706458,1.0,2023-02-09 23:00:00
41.73251499948509,899.7255299969186,1.0,2023-02-10 00:00:00
42.23130014619263,901.4277703742882,1.0,2023-02-10 01:00:00
40.63805110144076,902.6056121418968,1.0,2023-02-10 02:00:00
40.50084447494446,903.2260779297504,1.0,2023-02-10 03:00:00
38.19894226584726,902.7780223300172,1.0,2023-02-10 04:00:00
39.45732620026598,900.4479034062763,1.0,2023-02-10 05:00:00
39.21221624809176,899.0133078984634,1.0,2023-02-10 06:00:00
39.37915240174888,899.2436335817324,1.0,2023-02-10 07:00:00
39.83185618141521,899.0254585982366,1.0,2023-02-10 08:00:00
39.52790942230287,905.6688504843352,1.0,2023-02-10 09:00:00
38.020700189624215,902.9677836114045,1.0,2023-02-10 10:00:00
40.747910256117535,885.2980568266786,1.0,2023-02-10 11:00:00
38.9272569742602,903.2795038826488,1.0,2023-02-10 12:00:00
40.23924686411115,900.973680973594,1.0,2023-02-10 13:00:00
42.07408266974997,899.9064562177705,1.0,2023-02-10 14:00:00
39.08061540841358,898.0574077345556,1.0,2023-02-10 15:00:00
37.46971247725367,905.62056359993,1.0,2023-02-10 16:00:00
39.71399577811989,904.7376323106143,1.0,2023-02-10 17:00:00
41.100959634998574,896.135611660882,1.0,2023-02-10 18:00:00
41.95834745422059,902.0352614356228,1.0,2023-02-10 19:00:00
38.77045040554759,895.1417163272936,1.0,2023-02-10 20:00:00
40.49669922323652,893.1019091760553,1.0,2023-02-10 21:00:00
39.53468954321995,896.8664138770501,1.0,2023-02-10 22:00:00
39.89405164569587,904.3119673619138,1.0,2023-02-10 23:00:00
42.64434334701704,904.7656252268804,1.0,2023-02-11 00:00:00
38.49702967160485,902.5654271004864,1.0,2023-02-11 01:00:00
40.25373966149457,903.62547893424,1.0,2023-02-11 02:00:00
40.46769317176543,902.5808914355748,1.0,2023-02-11 03:00:00
41.08578632493935,896.7925920238853,1.0,2023-02-11 04:00:00
40.09798315347089,902.1596127233696,1.0,2023-02-11 05:00:00
40.3080505395041,904.0020476261384,1.0,2023-02-11 06:00:00
39.60835143257821,903.771456649068,1.0,2023-02-11 07:00:00
40.26912694124511,905.9445668573732,1.0,2023-02-11 08:00:00
39.65680772450259,903.5415192360052,1.0,2023-02-11 09:00:00
40.62157188985605,901.757241037708,1.0,2023-02-11 10:00:00
39.630389663956365,905.3507511915822,1.0,2023-02-11 11:00:00
40.37710039390219,899.8673937037547,1.0,2023-02-11 12:00:00
39.97073718631502,895.5906267438614,1.0,2023-02-11 13:00:00
41.12605025077217,899.1846651802812,1.0,2023-02-11 14:00:00
39.94860627641151,896.2754867759678,1.0,2023-02-11 15:00:00
